Pathway,unhealthy,unhealthy,unhealthy,healthy,unhealthy,unhealthy,unhealthy,unhealthy,healthy,healthy,unhealthy,healthy,unhealthy,healthy,unhealthy,unhealthy,unhealthy,healthy,unhealthy,unhealthy,healthy,healthy,unhealthy,healthy,healthy,unhealthy,unhealthy,healthy,healthy,healthy,unhealthy,unhealthy,healthy,healthy,unhealthy,unhealthy,unhealthy,healthy,unhealthy,healthy,healthy,unhealthy,healthy,unhealthy,unhealthy,unhealthy,healthy,healthy,unhealthy,unhealthy,unhealthy,unhealthy,healthy,unhealthy,unhealthy,unhealthy,unhealthy,healthy,unhealthy,healthy,unhealthy,unhealthy,healthy,unhealthy,unhealthy,unhealthy,unhealthy,unhealthy,healthy,unhealthy,healthy,unhealthy,unhealthy,unhealthy,unhealthy,unhealthy,healthy,unhealthy,unhealthy,healthy,healthy,unhealthy,unhealthy,unhealthy,unhealthy,unhealthy,healthy,unhealthy
,175.95337503143531,-966.9037829375055,-966.9037829392663,175.95336295853943,175.95336659790672,-355.7625576277953,-966.9037829360797,-621.1162371508892,1255.7834515809889,-206.66125585791764,-966.9037829374267,-966.9037829370276,-966.9037829376001,175.95336717357603,-966.9037829358264,-966.9037829374507,175.95336259688,175.95337475294744,-395.4752115090627,-966.9037829399962,-966.9037829345791,-681.1894972228963,-395.47521150918703,43.03383480889555,-109.76092579368294,-395.4752115081991,-966.9037829374603,1226.7100966631244,-528.8085448442487,857.2769745716278,-966.9037829391638,-966.9037829377728,-554.205370238704,747.3819313483151,-499.9723964942763,175.95337066702157,33.09622365276756,1412.6307579458949,175.95336771471662,-473.5236860899622,33.09623115270132,-966.90378294135,-395.47521150900377,175.9533636697922,298.17558216052913,175.95336210235286,-344.56992772851555,1318.8105027753097,-713.8425584469431,-966.9037829375205,-966.9037829426552,-966.9037829368019,-395.47521150821,-367.2237829371988,-395.47521150913144,-395.47521150907494,-681.1894972218172,368.5724075321362,-395.47521150883676,-966.9037829424791,-681.1894972232665,-966.9037829376849,-966.9037829374662,-681.189497224743,-966.9037829374167,-966.9037829362776,-966.9037829375294,-966.9037829358788,-490.07838612922257,175.95336419717387,-441.7463391575906,-966.9037829357454,175.9534144218408,-395.4752115092172,-966.9037829377423,-966.9037814964712,602.0304575098417,-109.76092234663193,175.95336516477133,-681.1894972173606,-333.9539082503946,-1252.6180686492553,-395.47520655492434,-966.9037829376997,175.95339847562425,-966.9037829364795,1111.0661425253627,-308.09180452888205
Exchange/demand reaction,-436.22516858691256,-764.0029558576495,-760.5426383980274,-102.89184170684167,-102.89183806747447,-902.8918447446162,563.7748219215815,-508.4603503164978,83.42010101174672,-290.97651105639125,-902.8918447440514,-102.89184474459914,-843.6435265014255,-102.89183749180512,-514.4251778886432,-836.2251780718974,-102.89184206850115,-102.89182991243365,-102.89184475542929,-569.5585114128207,304.8527201123048,-271.444264438793,-1038.998424423488,-291.86505533279563,353.49925215363805,-605.5266584895872,-745.9952930205903,278.4783820836428,30.441488588892838,430.44148856351853,-98.3654449213051,184.8706034244373,97.10815525314774,-902.8918447469055,-657.2992640243112,-102.89183399835957,-102.89183764852045,430.44148858694274,-102.89183695066454,-138.73199777607087,-102.89182957166865,-445.686062755949,136.43392461917043,-102.89184070737542,-502.891844746667,-102.8918425630283,-20.143837547664493,-502.8918447474644,-236.2251780698533,-502.8918447443055,-482.52147437906115,76.40174475016354,-184.71051169247914,-1236.22517808047,-1070.870400543217,-310.86251073733325,-1036.2251780738522,430.4414885870135,-481.05128682794583,86.40856677360905,430.441488588473,-785.3890915153302,84.57871364686301,662.8847329173699,-498.97446582879684,-444.5585112818779,-1236.225178077193,-548.0383028208877,-236.22517807996977,-102.89184046820729,346.4787317386804,-140.3397969304104,-102.8917902435403,-590.923906652173,-236.22517807969936,-359.9674566216842,97.10815523922899,-116.22644958381665,-102.89183950060983,474.07111532925137,-349.60432037930804,563.7748219178238,-395.7356537853627,-169.55851141367194,-102.89180618975684,216.85300032791432,39.74077693754062,-765.8929901961037
Fatty acid oxidation,-262.0804223296075,-552.7237053194513,537.9195695352317,53.709045857614996,127.39326024730833,-567.3435883603836,-114.71200941308234,748.4458853269247,-505.8115893546139,-260.2376962973646,-198.92253572978584,937.9195695223112,304.4889959007709,148.44589257767112,54.10904321431574,36.16518357173723,144.73222837645164,127.39326818774282,-114.71200941401901,853.7090432187624,-161.86556782540788,868.7986360030577,-176.7022214818389,-304.26361298558527,169.49851690304249,580.024832690346,-262.08043046614415,-462.08043046549585,478.270446729861,-777.8699041490298,227.11576125199338,756.6330198259403,-304.18569362416514,643.1827274292802,-609.4488515182993,93.18273619736938,-135.76463744264268,-502.49879940249184,148.44589311881168,-388.3962199399637,364.42012883625534,627.0317973203386,-207.8893265192932,-67.69220792422968,-262.0804304662235,148.44588750644797,-1.5528368001209496,-262.08043046384245,-289.1480996373975,678.7988264995989,743.767522753946,893.2467678261304,918.6377023597723,432.6564116395387,769.4985169036173,690.2743362356728,769.4985169025716,506.6037800742324,620.1270043248022,853.7090432335315,788.9317152834407,551.4124023494995,853.7090432186984,676.4223672008882,-92.7512581691231,169.49851689893987,474.1316708618184,-510.20357814349046,-567.3435883606049,136.61738656954964,-273.86342152199387,924.1229555602689,148.4459398259359,580.0248326919412,163.9429613474463,540.2589829226488,-567.3435883601426,-192.75194521344497,64.58544511867879,-388.7540744027682,-516.7729512416633,516.8669379239456,-262.08042985763194,158.97220111294706,148.4459238797194,629.1850104276872,-471.48806921852474,-672.6067462524741
Fatty acid synthesis,-148.71374222382943,-46.861898498559945,184.61958297497938,-482.0470806562443,-482.04707701687715,184.6195829706531,-1148.713750362391,184.61958297218223,184.61958297137718,184.6195829767017,184.6195829705664,-1148.7137503604415,-482.04708369639275,-482.04707644120776,184.61958297105022,-482.04708369577014,-482.0470810179038,-482.0470688618362,-1148.7137503480192,184.6195829719882,184.6195829538037,184.61958297049648,-144.0916731248859,184.61958297428237,184.61958297191356,-482.047083694381,-482.0470836956246,184.61958296308902,-259.8248614738025,184.61958297122382,-482.0470836982145,-1148.713750361554,184.61958297044973,184.61958297155635,184.61958297142326,-482.0470729477622,-482.04708013923386,184.6195829712243,-482.0470759000672,-148.71375035900687,-148.71374277344412,184.6195830175617,184.6195829715424,-479.3764400301707,-482.0470836962034,-482.0470815124309,53.661421177100955,-482.0470836911607,184.6195829724518,-482.04708369136034,-482.04708369346844,-1148.7137503607917,31.149055169201574,184.61958297128987,-148.7137503610248,-482.0470836952402,-148.71375036387124,184.61958297194371,-935.7001367970278,184.61958297883905,184.6195829714801,184.6195829712735,184.61958297223325,-758.3413797820145,184.61958297178265,184.6195829751516,184.619582971151,184.61958297104698,184.6195829716514,-482.04707941760995,184.6195829650035,-1086.3004966207159,-482.04702919294283,-482.0470836954608,184.6195829728659,-1148.7136791886264,184.61958297059826,184.61958297125457,-482.0470784500125,-143.04772114010004,184.6195829709777,-1148.7137503597448,-482.04708369479107,-482.0470836957364,-482.04704513915937,-704.4383639246101,184.61958297203716,184.61958297068625
Folate metabolism,134.95359198680686,352.99903316636073,218.39585839720814,100.22125696396286,352.99903984372753,175.3731359601999,565.5780538425491,-313.667633520787,1019.6656998318659,17.11643861972372,-222.55642318162108,-127.6772961673546,-14.812718166370322,352.9990404193968,226.15458920440688,150.5298974082823,197.97919326000047,352.9990479987682,-313.6676334998992,852.9990331490426,24.448107149092,-306.22632491042174,19.665699833251512,-313.66763350208225,437.01953952249113,448.60055098740685,686.332366510432,557.083155951272,-313.66763350125433,-313.6676335018988,686.3323664798246,-222.52586317232863,63.73116054466103,-313.6676335012831,-1144.72605495274,5.468174366032675,-480.3342966127361,-206.0557762576875,352.99904096053746,-313.6676334699574,256.72421522516,352.9990331540192,-775.6269696156763,-483.3465334128364,312.2582924220072,352.9990353481735,-313.6676335013514,352.9990331647962,645.0625252206573,971.7964187926733,1019.6656998308908,144.46690673777525,-410.239972104172,1437.3545887216903,1042.7169681750952,-178.33857110202652,404.3570579218167,-980.3343002536412,-77.00986668284581,-464.6964401010862,-303.4112232460853,-313.66763350163956,287.2020262588789,1382.902023528494,563.3088622418845,-100.87001445984852,1028.1860655818953,1615.9619961316378,823.8323664776595,352.99903744299445,532.8119059216474,761.7982293472347,352.99908766766157,352.99903316548165,1336.6498268568394,736.838313201526,-313.66763349936656,1009.0389647736771,1316.0459829661092,224.352504945462,165.5662846247219,351.2353647332498,1057.602341794555,594.8748470115233,352.99907172144503,-69.2689467164126,-102.24126973232235,-1102.9001650170078
Glutamate metabolism,-85.0635759795399,-1085.0635841201945,-3085.0635841264166,-347.3184839860294,-2085.063580782109,300.50871090755766,-1141.0745130192508,914.9364158791851,914.9364158792177,914.9364158776895,914.9364158751672,-3085.063584077813,914.936415877707,-1085.0635768672646,914.9364158769547,-749.5080285533099,-825.8492970513225,-1738.5170301259163,-3085.063584119609,914.9364158794046,-1085.0635841257197,-3085.063584120471,-3085.0635841170933,914.9364158798135,914.9364158780442,-3085.0635841178237,-1085.0635841220978,914.9364158774923,914.9364158786187,914.9364158778835,-3085.0635841203148,641.5111048964344,914.9364158782405,914.936415880752,-2671.0296206553685,-85.06357874482137,-2085.063580572632,914.9364158782302,-1085.063576326124,-315.14542029149607,-85.06357653048292,-1834.1795319909922,914.9364158788079,-2085.0635821020596,-3085.063584122876,-1085.063581938488,914.9364158794277,914.9364158789181,914.9364158822592,914.9364158783595,-3085.063584120382,-3085.0635841192334,-3039.5482588935492,-3085.063584121698,-2286.8301917598883,-1975.0528765005974,-3085.0635841172516,914.9364159111192,-3085.063584121826,914.9364158800732,-2008.1405071996678,-3085.063584121168,-753.9043998729359,914.9364158789016,914.93641587872,-40.96861656444628,-1085.0635841213036,914.9364158766889,914.9364158807674,-1085.063579843667,914.9364158780473,-3085.0635841202547,-1085.0635296189998,-3085.0635841209933,914.9364158817313,-1100.2128929971987,914.9364158743929,914.936415878711,-85.06358149747587,-3085.0635841180983,914.936415878523,914.9364158777578,-3085.0635841217654,-1085.0635841314931,-1085.0635455652164,799.5272848328448,321.0231812837138,914.9364158700752
Glutathione metabolism,858.1371833690537,-164.085046992936,-641.8628247970698,1358.137176743532,858.1371802272213,1362.632639620104,358.1371752182101,111.38762846624365,-641.8628247860124,358.1371752022767,-229.32208639105482,-141.86282477669488,-641.8628247846113,358.13718246984087,-641.862824777863,358.13717521940066,91.41396235410133,358.1371863408647,41.89785898260732,-641.862824786507,1358.1371752052219,358.1371752179797,-641.8628247188133,-213.05590764827178,358.13717521576945,-641.8628247599222,11.010738458809897,489.51099071706597,-641.8628247840289,94.21591130110198,-641.8628247791802,-630.6608451178367,358.1371752157029,-641.8628247841339,-641.8628247846373,-141.8628194104461,358.13717876711917,-641.8628247816656,358.1371830109815,358.13717522484524,358.1371828114728,-641.8628247940075,358.13717521652785,-141.862822764773,-641.8628247862944,358.1371773986177,358.13717521778904,-641.8628247817419,1234.3276514323402,358.1371752166471,127.35013890584639,358.13717520550586,-641.8628247813374,-641.8628247848237,-641.8628247829724,-6.70284582649532,1293.1371751425459,-641.8628247964317,358.1371752153422,-641.8628247941081,-141.86282478564198,640.996636931594,358.13717521780285,358.13717521876896,-484.8115425486778,0.9943180679781563,-641.8628247830611,1358.1371750721732,-641.8628247931399,358.13717949343874,165.06391328455607,358.1371751917115,358.1372297181058,-138.87775010331967,-486.00592997637875,350.55454558016663,358.13717521693314,877.6320546297852,685.8015769509836,-347.3014907385713,-641.8628247843212,2218.2929659109222,358.1371752157438,-641.8628247842403,358.13721377188926,1711.9735227973822,-641.862824788822,224.11655668543744
Glycerophospholipid metabolism,866.2408560408313,929.5390653093941,-1737.1276013569397,-737.1275998367286,262.87240532213025,-1737.1276013557163,-1737.127601356641,-1737.1276013570464,-1737.1276013601291,581.9263309448122,-1737.1276013551478,-1737.1276013544825,-1737.1276013564775,262.8724058977995,-1737.1276013535798,-1737.1276013501574,-403.79426666917266,262.872413477171,-1737.1276013557151,-1737.1276013578886,-1737.1276013411111,-1737.1276013557003,-778.7262964946846,2262.8723986454906,-1737.127601354011,-1737.1276013548272,-1737.1276013558945,-860.0819508050972,2262.8723986437462,-1737.1276013507668,-1737.1276013360457,2262.8723986441396,2262.872398641647,2262.8723986464734,-874.5194629449724,-737.1275959824875,-737.1275978075679,2262.8723986426303,262.8724064389401,-1737.1276013523734,-737.1275937691421,-1737.1276013596203,2262.872398645469,-737.1275993369954,-1737.1276013574643,262.8724008265764,-403.79426802320285,2262.8723986435843,-1737.127601357451,-786.2256409900466,-1737.1276013553756,-1737.1276013546476,723.2839820630915,-1737.1276013566471,1446.8885564684897,-1737.127601356172,156.2057319946009,-1737.1276013595698,-1737.127601356446,1123.9835097478722,-1737.1276013569563,-1737.1276013560303,-1737.127601356142,-1737.1276013566112,-1737.1276013559889,-1737.1276013582292,-1737.1276013515037,-1737.1276013474835,-1737.1276013564348,262.87240292139734,262.8723986464016,-1737.1276013545084,262.87245314606434,-1203.9601055044195,-1737.127601357125,762.8727341276443,-1737.1276013000333,-1448.8402416037534,-737.1275987336127,-1737.127601299865,2262.8723986425025,-1737.1276013492356,-1737.127601356304,-1737.1276013560496,262.8724371998478,-762.2025415523535,2262.872398646099,-1737.1276011766472
"Glycine, serine, alanine and threonine metabolism",-1223.77984456529,-1223.7798527006107,-1223.7798527013588,-223.7798511750948,-1223.7798460226118,-1223.7798527006375,-1223.7798527011364,776.2201473000034,776.2201473041208,776.2201472937271,-1223.779852700592,-1223.7798526999168,-703.2820251203227,-1223.7798454469423,776.2201472935233,-1223.779852700507,-223.7798513573108,-1223.7798378675707,-1223.7798527006726,776.2201473014601,776.2201472951145,-1223.7798527003686,-1223.779852700904,-1223.7798527012828,776.2201472990422,-1223.7798526991971,-1223.7798527006566,163.96777887059648,-1223.77985270105,776.2201472950566,-1223.7798527004484,502.7948363126404,776.2201472798291,776.2201472991496,-602.7289074902945,-223.7798473253357,-1223.77984915231,776.2201472988963,-1223.7798449058018,-1223.779852698823,-1223.7798451138838,-1223.7798527033274,-1223.779852700614,-1223.7798506815357,-490.4465193754256,-1223.7798505181654,-1223.7798527011123,776.2201472977921,776.2201473023226,-1223.7798527008692,-1223.7798526999677,-1223.7798526999222,776.2201472773259,-1223.7798527011075,-1223.7798527006307,-1223.7798527006685,-1223.7798526969282,776.220147300102,-1223.7798527016316,776.2201473013048,-1223.7798527014456,-1223.779852701005,-491.31617906445524,776.2201472994826,-1223.7798527004747,-1223.7798527018851,-1223.779852697835,-1223.7798527004056,776.2201473025355,-1223.7798484233444,776.2201472984465,-1223.7798526999695,-1223.7797981986773,-1223.779852700817,-1223.7798527014875,-1223.7798283558275,776.2201472882405,-44.41568443865367,-891.202374621088,187.0974792679291,776.2201472989642,-1223.7798526997606,-1223.7798527010732,-1223.779852700954,-1223.7798141448939,-1223.779852701004,182.30691270294403,776.2201472900341
Glycolysis/gluconeogenesis,-541.5030518616625,-541.5030599969,291.83027333573114,-374.8363915573795,-541.5030533189841,-541.5030599941243,-541.5030599977216,291.8302733346184,291.8302733358927,625.1636066687921,291.830273336056,429.9140085919346,-541.5030599975244,-541.5030527433149,291.83027333611716,-541.5030599964809,-541.5030586586727,-541.5030451639435,-541.5030599969033,-541.5030599981504,-541.5030599962607,-541.5030599966809,-430.39194888694755,625.1636066701163,424.04946814431304,291.83027333627825,-541.5030599967781,-541.5030598865922,291.8302733360019,625.1636066691192,-541.5030599960822,291.8302733359919,291.8302733361773,-541.5030599979749,-541.5030599977597,-541.5030546236019,-541.5030564486823,291.83027333597414,-541.5030522021742,-541.5030599954142,-541.5030524102564,-541.5030600607266,291.83027333601484,-517.5293917411437,291.83027333593117,-541.503057814538,291.8302733359572,-280.71382667470374,625.1636066721611,291.830273336021,-541.5030599965913,-541.5030599963012,379.6077921189803,291.8302733359784,-541.5030599967987,-541.5030599971959,-541.5030599957233,625.1636066725664,-541.5030599977048,291.8302733252082,-541.5030599979582,-541.503059997363,-541.5030599972275,-541.503059998237,-541.503059996863,-541.5030599985072,-541.5030599969515,291.8302733361384,291.8302733359407,-541.503055719717,625.1636066682246,-541.5030599962154,-541.5030054950502,291.83027333603405,-541.5030599977226,-541.5030435774787,-541.5030599766808,291.830273335946,-385.8383219062405,291.8302733363947,-373.77791380016674,-541.5030599959779,-541.5030599978625,-541.5030599973003,-541.5030214412667,-541.5030599974353,-541.5030600210115,-541.5030599959953
Glyoxylate and dicarboxylate metabolism,-1197.3661254409058,-1197.3661335762913,-1197.3661335769766,-197.36613204931166,-1197.3661268982275,-1197.3661335763536,-1197.36613357675,802.6338664237105,802.6338664287157,802.6338664183544,-1197.366133575299,-1197.366133575525,-676.8683059924008,-1197.366126322558,802.6338664206692,-1197.3661335760503,-197.36613223295558,-1197.3661187431867,-1197.3661335763588,802.633866426072,802.6338664193194,-1197.3661335759818,-1197.3661335776428,-1197.3661335767097,802.6338664233961,-1197.3661335749462,-1197.3661335763586,190.38149799990026,802.6338664232962,802.6338664203868,-1197.3661335761867,529.2085554432571,802.633866421836,802.6338664236781,802.6338664234302,-197.3661282008693,-1197.3661300279257,802.6338664226857,-1197.3661257814176,-1197.366133574384,-1197.3661259894998,-1197.3661335747943,-1197.3661335764532,-1197.3661315573531,-1197.3661335806057,-1197.3661313937814,-1197.3661335769261,802.633866408917,802.6338664268619,-1197.366133576408,-1197.3661335757845,-1197.366133575297,802.6338664230561,-1197.3661335766456,-1197.3661335763568,-1197.3661335764016,-1197.3661335725901,802.6338664251529,-1197.3661335774236,802.6338664255579,-1197.3661335769775,-1197.3661335766142,-1197.3661335759639,802.6338664241514,-1197.3661335760366,-1197.3661335774686,-1197.3661335730708,-1197.3661335756192,802.6338664269026,-1197.3661292989605,802.6338664213349,-1197.3661335756456,-1197.3660790742933,-1197.3661335765255,-1197.3661335769193,-1197.3661092313944,-1197.3661335706324,-18.001965353735613,-864.7886554948874,213.51119834608835,122.35901259613638,-1197.3661335759666,-1197.366133576672,-1197.366133576556,-1197.3660950205099,-1197.366133576634,802.6338664324239,802.6338664220272
Lysine metabolism,16.129039546591343,16.129031407467096,16.12903141270715,-483.87096631550406,-483.8709635862035,16.12903148052453,16.12903140497737,16.129031404896907,16.129031405023355,16.129031405163957,16.129031395525317,16.129031404920767,16.129031404823536,16.129036845753518,16.12903140464263,16.129031405631054,16.129033415849733,16.129042533914472,16.129031405948922,16.129031405042213,16.129031405372814,16.129031405256683,16.129031402872442,16.12903140511189,16.12903140504787,16.129031402217777,16.129031405881676,16.129031404350357,16.12903140508024,16.129031405831256,16.129031404964252,16.129031405102637,16.129031405372828,16.129031404877068,16.129031404610146,16.12903946632244,16.12903495991455,16.12903140327451,16.129039200193972,16.12903140921408,16.1290389928119,16.129031404973503,16.12903140523511,16.129033425336416,16.129031405220417,16.12903305376379,16.129031405270368,16.1290314053132,16.12903139837823,16.129031405217347,16.129031407156162,16.129031404196894,16.12903140753764,16.12903140628117,16.12903140497417,16.12903140676795,16.129031405307103,16.1290314046676,16.12903140532751,16.129031405217816,16.129031404862587,16.129031404917868,16.129031405623763,16.129031406031913,16.129031405649584,16.12903140490893,16.129031404856562,16.12903140502368,16.129031405013194,16.129034616037416,16.129031404965758,16.129031404042053,16.1290859073182,16.12903142042751,16.129031404995814,16.129034002575168,16.129031405173578,16.129033416024185,-483.8709646610551,16.12903140546689,16.12903140488187,16.12903140123234,16.12903140460881,16.129031404582904,16.129069961101663,16.1290314051663,16.129031404759843,16.129031404541365
Nucleotide interconversion,-160.0720351189614,1199.3833835303867,450.11354231884155,-467.2832813581581,-800.6166097892724,1199.3833835314465,532.7167168663535,-1133.9499498014095,-835.754853304141,-296.9455130364926,1199.3833835314924,1199.3833835286007,0.7237145931276151,-800.616609213603,559.5611612425236,-800.6166164666556,-467.28328179233205,-800.6166016342316,1199.3833835319267,532.7167168661983,1088.2722724190717,280.16141556803103,-133.9499498009195,-467.28328313444507,1199.3833835322087,866.0500501953185,-717.8579957847342,-1133.9499497963413,-133.9499498009774,-300.616616456122,199.38338352905643,-800.6166164678046,-800.6166164686373,1199.3833835324513,532.7167168656772,-467.28327775911913,-1300.6166129189708,-133.94994980147797,-800.6166086724626,-133.94994979840848,143.82783556885096,-133.94994980640138,866.0500501993052,-1133.949947781611,-800.6166164675874,-800.6166142848261,1199.3833835335163,1199.3833835319429,866.0500502028399,404.24612862300404,1022.5315316839075,1199.3833835253813,302.0226113065367,1199.3833835324338,309.32982281348205,718.4129837238337,-800.6166164610421,-800.6166164694572,742.9108521675595,1199.3833835389355,1199.3833835326282,1177.4770755636484,-800.6166164675302,199.38338353272968,532.7167168657767,532.7167168667833,532.7167168653269,1199.383383531508,-133.94994980136963,-800.6166121900052,-451.0759355179392,1199.3833835315306,-800.6165619653384,532.7167168654664,532.7167168662085,534.8998865560992,-467.2832831500062,1199.3833835323464,-800.6166134074668,-133.94994979995667,-133.94994980134825,532.7167168629959,866.0500501990864,1199.3833835321755,-800.6165779115548,349.5334558609258,-649.6590114488062,-467.2832831333689
Pyrimidine synthesis,407.64332206466895,1474.3099805935235,407.64331391474593,407.64331696670746,407.64332060607467,1060.7436085911047,1407.6433139248659,-729.1088228256099,-592.3566860724188,-592.35668607098,-592.3566860797267,-592.3566860687387,907.6433139273339,407.64332118174406,-92.3566860571284,1103.9396103056754,407.643316605048,407.64332876111547,907.6433139275434,1407.6433139278988,907.6433139266633,907.6433139298434,1407.6433139269893,-592.3566860728503,-592.3566860718171,-448.9544093374314,907.6433139277922,907.6433138563114,-592.3566860717972,-592.356686070313,1024.817318073196,-379.549654657745,-592.3566860712633,907.6433139283752,1407.64331392771,407.6433246751896,-92.35668251941244,-592.3566860723788,407.6433217228846,100.56339040537932,-92.35667848447004,1305.6518752925276,-592.3566860719337,653.1249630507848,-592.3566860738931,407.64331611052086,-339.3501193423025,1231.1965145526142,-592.3566860772488,-592.3566860475943,907.6433139272756,907.6433139268639,-592.3566860711339,-592.3566860730255,1407.6433139327032,1651.4950589067155,1407.643313927748,-406.0849469565446,1447.3387612163433,-592.3566860745229,907.6433139259253,1407.6433139275764,907.6433139278813,1293.8569352987859,1269.4622241897587,1407.6433139430897,1084.0772291423345,407.64331392464896,-1592.3566860733579,407.6433182053418,-349.1891953673277,1494.7704780098115,407.6433684300088,-592.3566860721298,1663.6915943460485,1296.5321935450575,907.643313915415,407.2208735059114,407.6433191729393,-592.3566860559521,1345.34506831322,1282.5698277214312,907.6433139277509,907.6433139276867,407.6433524837923,1407.6433139279932,1134.07972147483,1407.6433139224357
Tetrahydrobiopterin metabolism,96.77420066049288,96.77419251450357,96.77419251418183,96.77419488423084,96.7741991923513,96.7741925140431,96.77419251573664,-125.44802970841228,-125.4480297082856,96.77419251441947,96.77419251347864,96.77419251331257,96.77419251389352,96.77419976802064,96.77419251370715,96.77419251413082,96.77419459804807,96.77420734739209,96.77419251377731,96.77419251406162,96.77419251382662,-125.44802970743473,96.77419251384234,-125.44802970837002,96.77419251416835,96.77419251374405,96.77419251402517,-125.44802970808665,-125.44802970825185,-125.44802970633557,96.77419251183254,96.77419251399213,-125.44802970796212,96.77419251412901,-125.44802970933294,96.77420087375597,-14.336915047423215,96.7741925137776,96.77420030916123,-125.448029704523,-14.336910999417334,96.77419251486809,96.77419251529774,96.77419453418429,-125.44802970818091,96.7741946967975,96.77419251432218,96.77419251383958,96.77419251689466,96.77419251484677,96.77419250996005,96.77419251305946,96.77419251397748,96.77419251396694,96.77419251363317,96.77419251404807,-125.44802970650868,-125.44802971254859,96.77419251415503,96.77419251438866,-125.44802970919255,96.77419251387272,96.774192516895,-125.4480297047146,96.77419251545138,96.77419251615225,96.7741925136379,96.77419251392189,96.7741925145652,96.77419679161851,-125.44802970819745,96.7741925138743,96.77424701628544,96.77419251394784,96.77419251416187,96.77418813687075,-125.44802970779834,96.77419251364967,96.77419659372596,-125.44802971074675,-125.44802970838626,-125.44802970731091,96.77419251398057,96.77419251390042,96.77423107006891,96.77419251593359,96.77419251978186,-125.44802970762791
"Transport, endoplasmic reticular",-343.86592375606676,56.13406810692813,-343.8659318939102,-543.865928854623,-543.8659252152557,56.13406810617198,-1143.8659318946288,-943.865931893791,456.13406810751314,792.1264571321419,-143.86593189811978,-245.31520727873254,-943.8659318946056,-543.8659246395864,376.1340681010889,-521.6437096692243,-543.8659292162824,-543.865917060215,-743.865931895926,-743.8659318975499,-892.2890383790287,-263.8659318964909,-71.65277253540322,-521.5121125382623,-102.52896565907682,56.134068099938396,-543.8659318934875,56.13406811097379,1256.134068106514,456.13406810476465,456.13406810611303,-743.8659318933827,856.1340681042473,-943.8659318940711,56.1340681064115,-543.8659211461409,-943.865928343074,456.13406810556637,-543.8659240984458,856.1340681038349,-543.86591671945,-1174.5526990572853,-377.9397369057851,-172.63432854144378,-743.8659318921738,-543.8659297108095,-423.86593189380983,-456.81301188297584,56.134068033758375,-543.8659318935452,-982.8937094282843,-1313.6225782926444,-1374.071723589775,-83.41793189461421,-1143.865931892649,-1324.9178184307164,-1104.1992652202578,143.80073475221138,-788.0809023354052,-31.026425718864537,-1143.865931893677,-1143.8659318934285,-1111.565319506577,-1473.598905216719,417.48556383561527,-295.086846362068,-582.269921926006,-92.4277435905,856.1340681036279,-543.8659276159885,-88.14280927199674,-743.865931893296,-543.8658773913215,-543.8659318952912,-550.486302176805,-1143.8659247876515,856.1340681028121,-532.1418106215485,-543.8659266483911,456.1340680809215,654.8638926679967,-410.53259855958396,-943.865926113692,-743.8659318940382,-543.8658933375382,-1543.8659318936475,856.1340681061944,456.13406810357253
"Transport, extracellular",-412.3026366910475,-127.12682271875777,-792.4046004967327,-692.4045974573062,-692.404593817939,-92.40460049644342,463.81526450087114,-92.5755406677705,143.85465875819824,-79.51031545237963,7.5953995071795415,-492.40460049448484,-327.4290655162421,-692.4045932422695,138.32873282248116,-992.4046004945498,-692.4045978189655,-692.4045856628982,-636.6353697655733,-446.809362420024,-570.483377947142,342.85601480894024,-941.7112889151304,280.7149566078352,193.28114638737333,-323.3569814398237,-492.40460049536296,476.98278107835165,-59.07126716301896,-192.4046004961236,-192.4046004965647,-906.0758660452873,207.59539950357845,107.59539950392298,-353.0478238233499,-692.4045897488239,-642.4045969446827,70.22486683704354,-692.4045927011291,107.59539950938722,-642.4045857014623,78.63206424323157,887.279217441853,-792.40459736643,-292.40460049515,-692.4045983134926,137.9516752310115,50.42655848076633,-992.404600498466,-974.4604828487329,-492.4046004949463,-446.19267735293226,37.843673276558924,-670.2366004968809,-432.01103375543454,-492.40460049610135,-842.404600490105,94.94965673044159,-553.7185525012214,548.6447822002384,-292.4046004973407,-158.5780751379626,-92.40460049594249,16.1512550884457,-92.40460049541917,-792.404600497231,-782.3048498718093,-150.22415999349826,557.595399503859,-692.4045962186716,-37.76100694576552,-783.0426124489925,-692.4045459940048,-992.4046004954328,-692.4046004980332,-392.40457977833023,217.3573042955464,-662.9204922670775,-692.4045952510743,274.54296163408645,-426.4183431870807,-181.35227773863232,-458.7934838943226,-341.3546727389215,-692.4045619402212,-1025.7632925312014,-67.21537754311753,-151.30494412945825
"Transport, lysosomal",-387.0967673539261,-387.09677548928454,-387.0967754911799,-387.0967724506151,-387.09676881124784,-387.09677548778706,-387.09677548997166,612.9032245118558,612.9032245157989,-387.096775483009,-387.09677548928784,-387.0967754849458,-387.09677549044585,-387.0967682355785,612.9032244882446,-387.09677548769884,-387.09677281227454,-387.09676065620704,-387.09677548892506,-387.0967754907493,-387.09677547011194,612.9032243743707,-387.09677548835253,612.9032245164001,-387.0967754892279,-387.0967754779269,-387.09677548949554,-387.09677547038024,-387.0967754890772,-387.0967754636536,-387.0967754874444,-387.09677548939914,612.9032244749899,-387.09677548988424,612.9032245148421,-387.09676474213296,-387.0967719409459,612.9032245098002,-387.0967676944379,612.9032245076362,-387.09676031544205,612.9032245128631,612.9032245111955,-387.0967714511488,-387.09677549023814,-387.0967733068016,-387.0967754901681,612.903224510402,612.9032245131232,-387.0967754895101,-387.0967754855822,-387.09677547922485,612.9032245059022,-387.09677548973474,-387.09677548932694,-387.09677548971234,-387.0967754852798,-387.0967755080599,-387.0967754894047,-387.0967755020336,-387.0967754899212,-387.09677548790813,-387.0967754871728,-387.09677549053873,-387.09677548957285,-387.096775492026,-387.0967754890258,-387.0967754829515,-387.0967754904256,-387.09677121198064,612.9032245082353,-387.0967754884518,-387.0967209873137,-387.0967754890583,-387.0967755007085,612.903224510402,-387.0967754874678,-387.096771467505,-387.0967702443832,612.9032245074849,-387.09677548915494,-387.0967754870007,-387.0967697096003,-387.09677548959513,-387.0967369335302,-387.09677548980363,612.903224510402,-387.09677548646727
"Transport, mitochondrial",-239.1316447784565,-239.13165291483142,427.5350137511082,-239.13164987612254,-239.13164623675524,-905.7983195800231,427.5350137517618,427.53501375159686,-498.933426500845,-597.7201405721606,427.53501375135437,427.5350137472347,683.8356864543953,-239.13164566108594,760.8683470855008,427.5350137520557,-239.13165023778197,-239.13163808171444,-239.13165291450093,427.53501375101683,-348.59356345189605,427.5350137501702,427.5350137483956,242.2401643004168,94.20168041902578,427.5350137492347,-239.13165288856132,-739.3469845583937,760.8683470849337,-264.743900726316,391.3672005500188,427.5350137528737,94.20168041908414,760.8683470848595,-239.1316529157357,-239.1316421676404,94.20168396753422,-72.46498624887143,-239.13164511994535,-905.7983195776833,-239.1316377409495,450.315583251586,427.5350137517482,-239.13164954973112,427.5350137514868,-239.1316507323091,-87.2179191260963,649.702214141142,-429.6078433911286,427.5350137519622,760.8683470802517,489.8168539698932,979.7909090033237,427.53501374800265,537.4814530438166,476.11217206146443,427.53501375630304,1063.0905693059215,427.53501375175557,518.6872770833326,427.5350137514313,427.5350137514526,427.53501375251057,427.53501375174864,427.5350137516021,427.5350137476119,427.53501375189944,-677.2308981503897,94.20168041715901,-239.1316486374881,-540.1205006619347,469.5687665367973,-239.1315984128211,427.53501375117474,427.53501375171885,427.5350151373911,-905.7983195803225,94.20168444211879,-239.13164766989064,-572.4649860629387,-239.13165291437807,374.03707138332703,94.20168619802602,427.5350137521594,-239.13161435903763,427.5350137515035,-239.13165291915288,-774.0686517516095
"Transport, peroxisomal",-891.921846868876,-891.9218550039349,-891.9218550051494,-891.921851965565,-891.9218483261977,1108.0781449938443,-891.9218550053329,-891.9218550049524,757.6556097875813,1108.0781449918857,-891.9218550041953,-891.9218549993527,-891.9218550047311,-891.9218477505284,-891.9218550023899,-891.9218550036744,-891.9218523272244,-891.921840171157,774.7448116578109,-891.9218550054065,-891.9218550018472,-891.9218550039967,-891.9218550036804,1108.07814507703,1108.078144995405,-891.9218550025328,1108.0781449943931,1108.0781449944711,1108.0781449956787,1108.0781449878239,-891.9218550040748,-891.9218550045432,-891.9218550030241,-891.9218550047717,1108.0781449963124,-891.9218442570829,-891.9218514558959,-891.9218550043538,-891.9218472093878,1108.0781449934839,-891.921839830392,-891.9218550072985,-891.9218550044366,-745.9371315366766,-891.9218550050011,-891.9218528217515,-891.921855004982,-891.9218550042694,1108.0781450093807,-891.9218550043344,1108.0781449940832,-891.9218549611933,1108.0781449734868,-891.9218550045603,-891.9218550039203,-891.9218550050289,-891.9218550004836,-891.92185506164,-891.9218550044837,-891.9218550069858,-891.9218550047916,-891.9218550043875,-891.9218550039573,-891.9218550049311,-891.9218550043524,-891.9218550075096,-891.9218550043516,1108.0781449936796,1108.0781450015565,-891.9218507269305,1108.0781449947629,-891.9218550022119,-891.9218005022636,-891.9218550043665,-891.9218550049761,-891.9218232503102,1108.0781449918768,-891.9218509824549,-891.9218497593331,1108.0781449915137,-891.9218550045721,-891.9218550028504,-891.9218492248042,-891.92185500454,-891.9218164484802,-891.92185500473,1108.0781450492723,1108.0781449943975
Tryptophan metabolism,129.03226515810684,-1870.9677429818375,38.873527298551934,129.0322600495262,129.03226368889347,-1864.47429498481,129.0322570111996,129.0322570112254,129.0322570117084,129.03225700960235,-1870.9677429478534,129.0322570036954,-1870.9677429903022,129.0322642645628,129.03225700242024,-1870.9677429848061,129.03225968786677,129.03227184393427,-1870.9677429818516,129.03225702403012,129.03225700664015,-1870.9677429885423,-1870.9677429537542,129.03225701065816,129.03225701050013,-615.5564875743687,129.03225700827363,129.03225699811446,-1870.9677429891572,129.03225701012656,129.0322570098923,-1870.9677429901085,129.03225700939976,129.03225701156913,-1870.967742989928,129.03226775800835,-370.96773943941855,129.03225700919978,129.0322648057034,129.03225691731706,129.03226459882825,129.03225701799056,129.03225701061433,129.03225903152384,-1870.9677429900198,129.03225919333966,129.03225701113655,129.0322570102793,-118.58679058365176,-1870.967742988821,-1870.967742920136,-1870.9677429862572,129.032257002701,-896.8877429914385,129.03225701028038,129.03225701032642,129.03225699765716,129.03225701372259,129.03225701168952,129.0322570160147,129.03225700928374,129.03225701025968,129.03225701055484,129.03225701372588,-1870.9677429893923,129.03225701856553,129.03225700939254,129.0322570080844,129.0322570109626,129.0322612881606,129.03225700969801,-1870.9677429858925,129.03231151282762,-1594.01915256907,129.03225701096898,-835.6301765805335,129.03225700986238,129.03226103209107,129.0322622557581,129.03225697945948,129.03225701029254,129.03225699988644,129.0322570106859,129.03225701068635,129.03229556661108,-1870.9677429900385,129.0322571170185,-1870.9677429808507
